{
  "name": "Avalonia and C# Dev Kit",
  "image": "mcr.microsoft.com/devcontainers/dotnet:8.0",
  "customizations": {
      "vscode": {
          "extensions": [
              "AvaloniaTeam.vscode-avalonia",
              "ms-dotnettools.csdevkit"
          ]
      }
  },
  "settings": {
      "terminal.integrated.defaultProfile.linux": "/bin/bash"
  },
  "postCreateCommand": "dotnet restore",
  "mounts": [
      "source=${localWorkspaceFolder}/,target=/workspace,type=bind"
  ],
  "workspaceFolder": "/workspace"
}
